tasks,users,sched,greedy,sched_time,greedy_time,sched_mem,greedy_mem,sched_hours,greedy_hours,user_hours_sched_span,user_hours_greedy_span
100, 10, 10, 10, 1.5795771519915434, 0.0791925029916456, 243302, 4320, 10, 10, 0.0, 0.0
100, 10, 10, 10, 1.5156163489882601, 0.08166184701258317, 239436, 4320, 10, 10, 0.0, 0.0
100, 10, 47, 43, 1.4827243870095117, 0.07441872599883936, 137500, 15744, 1590, 1684, 11.083783783783783, 19.35
100, 10, 10, 10, 1.5238123050075956, 0.086366111994721, 239420, 4320, 10, 10, 0.0, 0.0
100, 10, 72, 63, 37.69444064500567, 0.29585467101424, 180262, 21632, 3475, 3272, 7.572549019607845, 21.40526315789474
100, 10, 10, 10, 1.5340638130001025, 0.08045769699674565, 239404, 4320, 10, 10, 0.0, 0.0
100, 10, 69, 58, 60.23480554699199, 0.2786408340034541, 183460, 22456, 3022, 2622, 8.25, 25.708333333333332
100, 10, 10, 10, 1.5518582740041893, 0.08600197300256696, 239380, 4320, 10, 10, 0.0, 0.0
100, 10, 85, 64, 51.886865943000885, 0.23927021099370904, 172184, 21848, 3684, 3048, 11.109890109890104, 20.72874493927125
100, 10, 10, 10, 1.5219452530000126, 0.07865505099471193, 239356, 4320, 10, 10, 0.0, 0.0
100, 10, 73, 51, 6.796759748001932, 0.13154408500122372, 149200, 22808, 2491, 2389, 18.610576923076923, 21.277573529411764
100, 10, 84, 51, 20.733486072000233, 0.13312085399229545, 152362, 22872, 3297, 2389, 18.579326923076923, 21.277573529411764
100, 10, 84, 52, 20.25945821699861, 0.13636678499460686, 153614, 22928, 3297, 2394, 18.42857142857143, 21.277573529411764
100, 10, 84, 52, 29.26197055100056, 0.13510772200243082, 152558, 22864, 3297, 2394, 18.423076923076923, 21.277573529411764
100, 10, 84, 52, 25.95795956099755, 0.13209188499604352, 152366, 22928, 3297, 2394, 18.423076923076923, 21.277573529411764
100, 10, 84, 51, 21.23787827200431, 0.13493993900192436, 151922, 22872, 3297, 2383, 18.47058823529412, 23.411057692307693
100, 10, 84, 52, 14.918996513995808, 0.13491381700441707, 152478, 22928, 3235, 2340, 19.0, 20.60110294117647
100, 10, 68, 46, 7.7734453750017565, 0.20265919200028293, 157042, 22128, 2474, 2274, 20.881313131313128, 24.425
100, 10, 67, 47, 11.577015103001031, 0.17458436700690072, 154984, 22312, 2374, 2143, 21.82222222222222, 24.39722222222222
100, 10, 67, 47, 5.449025459005497, 0.17101762699894607, 156104, 22312, 2348, 2143, 21.072222222222226, 24.39722222222222
100, 10, 70, 47, 60.19110156399256, 0.17523243599862326, 164404, 22312, 2538, 2143, 21.910984848484848, 24.39722222222222
100, 10, 70, 47, 31.664581903009093, 0.17377150100946892, 163164, 22312, 2585, 2143, 22.660984848484848, 24.39722222222222
100, 10, 70, 47, 16.983857013998204, 0.18153104599332437, 165224, 22312, 2585, 2143, 22.6625, 24.39722222222222
100, 10, 70, 47, 34.131264134004596, 0.17638387699844316, 164284, 22312, 2575, 2143, 22.515151515151516, 24.39722222222222
100, 10, 77, 66, 60.23521097199409, 0.34545954600616824, 180894, 21448, 3479, 3213, 21.377840909090907, 13.705882352941181
100, 10, 78, 68, 60.23175572499167, 0.3348847309971461, 180774, 21664, 3579, 3297, 19.96666666666667, 17.588235294117652
100, 10, 78, 68, 60.241955133999, 0.3324022290034918, 188974, 21664, 3579, 3297, 19.57843137254902, 17.588235294117652
100, 10, 78, 68, 60.25238782000088, 0.3400125280022621, 188758, 21728, 3576, 3297, 19.909523809523808, 17.588235294117652
100, 10, 79, 69, 60.26446289199521, 0.3335078539967071, 188850, 21664, 3592, 3310, 20.138095238095243, 17.588235294117652
100, 10, 79, 70, 60.27629978400364, 0.330368704002467, 189242, 20360, 3542, 3273, 19.427777777777777, 17.588235294117652
100, 10, 80, 70, 60.293316991999745, 0.3485201099974802, 189900, 21784, 3549, 3273, 19.456349206349206, 17.588235294117652
100, 10, 72, 49, 60.18495152700052, 0.2706082270015031, 159320, 22392, 3021, 2922, 18.592647058823523, 25.60147058823529
100, 10, 72, 50, 60.19780169399746, 0.278130977996625, 157525, 22392, 3022, 2926, 23.557142857142853, 25.71911764705882
100, 10, 72, 50, 60.24296789399523, 0.2740926210099133, 159136, 22392, 3080, 2926, 21.157142857142855, 25.71911764705882
100, 10, 72, 50, 60.288229347992456, 0.2699641429935582, 159230, 20544, 3074, 2926, 20.270588235294117, 25.71911764705882
100, 10, 72, 50, 60.17944646500109, 0.2657876879966352, 158119, 22328, 3074, 2926, 19.351158645276293, 25.71911764705882
100, 10, 82, 58, 60.096760674001416, 0.3199601660016924, 166402, 22976, 3912, 3539, 19.051470588235293, 25.713235294117645
100, 10, 82, 58, 60.225048259002506, 0.3221056089969352, 169570, 22664, 3981, 3553, 20.099547511312224, 26.125
100, 10, 47, 38, 1.4145309589948738, 0.10829165099130478, 145432, 19736, 2414, 2095, 15.979166666666668, 24.166666666666668
100, 10, 49, 41, 1.2722440659999847, 0.1370553800079506, 149140, 20056, 2556, 2281, 15.666666666666668, 24.166666666666668
100, 10, 49, 41, 1.2401286069944035, 0.13093252200633287, 147856, 20056, 2556, 2281, 15.666666666666668, 24.166666666666668
100, 10, 49, 41, 1.234942391005461, 0.1343804869975429, 149168, 19992, 2556, 2281, 15.666666666666668, 24.166666666666668
100, 10, 47, 39, 1.3881002760026604, 0.13707972099655308, 147850, 20056, 2411, 2154, 20.666666666666668, 24.166666666666668
100, 10, 47, 39, 1.3989823939919006, 0.1346927569975378, 148000, 18544, 2411, 2154, 20.666666666666668, 24.166666666666668
100, 10, 48, 39, 1.4898956239921972, 0.14497707900591195, 147425, 20056, 2493, 2175, 24.055555555555557, 24.166666666666668
100, 10, 76, 51, 60.22646934700606, 0.42796181100129616, 184424, 22896, 3449, 2858, 10.654761904761903, 22.951267056530217
100, 10, 76, 51, 60.226489437001874, 0.44038905399793293, 183200, 23016, 3449, 2858, 10.654761904761903, 22.951267056530217
100, 10, 77, 51, 39.18116352200741, 0.4469720469933236, 184538, 22952, 3546, 2858, 9.770833333333336, 22.951267056530217
100, 10, 77, 51, 60.22723739899811, 0.4421070029929979, 184290, 23016, 3546, 2858, 9.770833333333332, 22.951267056530217
100, 10, 77, 51, 60.23459301301045, 0.42893113000900485, 183820, 23016, 3546, 2858, 9.770833333333332, 22.951267056530217
100, 10, 77, 51, 60.22275072199409, 0.4309491770109162, 183252, 22952, 3546, 2858, 9.770833333333332, 22.951267056530217
100, 10, 77, 53, 44.828454190996126, 0.4565350570046576, 183064, 23072, 3542, 2907, 9.6875, 22.92495126705653
100, 10, 79, 64, 60.225810513002216, 0.3204978309950093, 178212, 20800, 3443, 3195, 8.551724137931032, 21.64661654135339
100, 10, 79, 66, 26.792855899999267, 0.3017181530012749, 177420, 20832, 3430, 3156, 7.869565217391305, 21.64661654135339
100, 10, 79, 66, 33.19068260399217, 0.30909980899014045, 177478, 20832, 3430, 3156, 7.862068965517238, 21.64661654135339
100, 10, 78, 66, 60.21425034900312, 0.2975787309987936, 177442, 21256, 3338, 3125, 7.869565217391305, 21.90977443609023
100, 10, 79, 67, 60.211889791011345, 0.29774515799363144, 178852, 21312, 3339, 3126, 6.869565217391305, 21.90977443609023
100, 10, 79, 67, 60.21746138999879, 0.3070985450031003, 177348, 21312, 3339, 3126, 6.869565217391308, 21.90977443609023
100, 10, 79, 66, 60.22121545999835, 0.3136090820044046, 177158, 21312, 3351, 3114, 7.34782608695652, 21.90977443609023
100, 10, 80, 64, 60.22639439700288, 0.3478024140058551, 177270, 23320, 3908, 3603, 17.6439393939394, 21.36190476190476
100, 10, 80, 64, 60.23154961899854, 0.3504907400056254, 178002, 23376, 3937, 3603, 23.416666666666668, 21.36190476190476
100, 10, 80, 64, 60.229825476999395, 0.3592888679995667, 177344, 23440, 3939, 3603, 18.802380952380958, 21.36190476190476
100, 10, 77, 59, 36.479783773000236, 0.275716549003846, 171096, 22944, 3625, 3173, 12.12857142857143, 23.076190476190476
100, 10, 77, 59, 60.07185865700012, 0.2807288499898277, 169968, 22944, 3625, 3173, 12.12857142857143, 23.076190476190476
100, 10, 77, 59, 42.53227656199306, 0.2822139869967941, 169780, 22944, 3625, 3173, 12.128571428571432, 23.076190476190476
100, 10, 77, 59, 56.55797070900735, 0.2750307959940983, 169310, 22944, 3625, 3173, 12.12857142857143, 23.076190476190476
100, 10, 52, 35, 1.862888761999784, 0.13592231000075117, 145544, 21408, 1892, 1804, 20.025, 23.974999999999998
100, 10, 59, 35, 2.7076447830040706, 0.13763331400696188, 148634, 21472, 2312, 1804, 20.824999999999996, 23.974999999999998
100, 10, 59, 35, 2.4755017010029405, 0.1448252410045825, 148597, 21408, 2312, 1804, 20.824999999999996, 23.975
100, 10, 54, 30, 2.437326970990398, 0.1518748800008325, 148318, 21064, 1850, 1400, 21.489473684210523, 21.633333333333333
100, 10, 54, 30, 2.7934651219984517, 0.1529513429995859, 148040, 21000, 1871, 1421, 21.27894736842105, 21.633333333333333
100, 10, 54, 30, 2.5452567400061525, 0.15456594999704976, 148040, 21064, 1871, 1421, 21.27894736842105, 21.633333333333333
100, 10, 54, 30, 2.611359814996831, 0.14738807899993844, 147594, 21000, 1871, 1421, 21.27894736842105, 21.633333333333333
100, 10, 72, 58, 60.19871243399393, 0.31525333800527733, 171404, 21312, 3222, 2955, 14.282407407407408, 25.457142857142856
100, 10, 68, 57, 25.387583852992975, 0.23267012399446685, 165506, 23648, 2922, 2858, 14.257834757834761, 23.90714285714286
100, 10, 76, 57, 5.610612486998434, 0.23004993599897716, 175856, 23584, 3586, 2858, 8.433048433048434, 23.90714285714286
100, 10, 76, 57, 11.21418527100468, 0.23510663700290024, 175390, 23648, 3543, 2858, 6.779202279202281, 23.90714285714286
100, 10, 77, 56, 5.415112026996212, 0.23362377200101037, 173882, 23664, 3643, 2847, 10.634615384615387, 23.90714285714286
100, 10, 70, 56, 32.311698139004875, 0.24249408299510833, 165122, 23728, 3015, 2847, 11.446153846153848, 23.90714285714286
100, 10, 70, 56, 9.793826366003486, 0.2394726580096176, 168568, 23728, 3015, 2847, 11.446153846153848, 23.90714285714286
100, 10, 50, 35, 7.224865680997027, 0.18656210099288728, 156846, 21312, 2382, 2212, 14.373464373464373, 25.12380952380952
100, 10, 56, 35, 60.22714457199618, 0.18192240700591356, 164818, 21432, 2703, 2212, 18.72432432432432, 25.12380952380952
100, 10, 56, 35, 60.20099263099837, 0.19387578299210873, 164348, 21368, 2737, 2212, 18.628787878787875, 25.12380952380952
100, 10, 56, 35, 60.195195303007495, 0.18390691099921241, 163784, 21368, 2689, 2212, 18.965517241379306, 25.12380952380952
100, 10, 57, 35, 60.19663333700737, 0.18414544299594127, 162940, 19856, 2688, 2212, 16.19122257053291, 25.12380952380952
100, 10, 56, 35, 60.19666248300928, 0.18942943000001833, 163554, 21368, 2581, 2212, 20.223809523809525, 25.12380952380952
100, 10, 56, 35, 60.200107800003025, 0.1859618310118094, 164024, 21368, 2586, 2212, 18.489028213166144, 25.12380952380952
100, 10, 54, 42, 16.341131071996642, 0.28036432100634556, 166434, 20720, 1964, 1835, 10.783783783783782, 25.294840294840295
100, 10, 54, 42, 14.600352703011595, 0.2780290579976281, 165404, 20720, 1964, 1835, 10.783783783783786, 25.294840294840295
100, 10, 54, 42, 9.37111076900328, 0.28182185199693777, 166156, 20720, 1964, 1835, 10.783783783783786, 25.294840294840295
100, 10, 70, 55, 51.42953335000493, 0.3112621769978432, 175788, 20656, 2778, 2559, 11.14285714285714, 24.32186732186732
100, 10, 70, 55, 60.21890535901184, 0.31529837600828614, 177853, 20720, 2789, 2559, 11.796068796068795, 24.32186732186732
100, 10, 72, 59, 51.90878159599379, 0.29371858200465795, 182178, 21096, 2582, 2405, 13.261824324324323, 25.094594594594593
100, 10, 72, 58, 29.062257530007628, 0.30511063399899285, 181760, 20976, 2582, 2339, 12.091346153846155, 25.094594594594593
100, 10, 47, 40, 2.982718603001558, 0.1766749759990489, 156518, 19432, 1769, 1623, 8.290865384615385, 24.901098901098905
100, 10, 47, 40, 2.7581842060026247, 0.18120265999459662, 156236, 19432, 1769, 1623, 8.290865384615385, 24.901098901098905
100, 10, 47, 40, 2.78398084899527, 0.18048291999730282, 155860, 19432, 1769, 1623, 8.290865384615385, 24.901098901098905
100, 10, 47, 40, 3.1709473189985147, 0.18162376299733296, 155676, 19496, 1769, 1623, 8.290865384615385, 24.901098901098905
100, 10, 47, 40, 2.9048204089922365, 0.18426726500911172, 157574, 19496, 1769, 1623, 8.290865384615385, 24.901098901098905
100, 10, 47, 40, 2.906906688003801, 0.17174805598915555, 158592, 19496, 1769, 1623, 9.290865384615385, 24.901098901098905
