tasks,users,sched,greedy,sched_time,greedy_time,sched_mem,greedy_mem,sched_hours,greedy_hours
100, 10, 72, 46, 41.65343813299842, 0.22045316800358705, 154085, 21736, 2881, 2563
100, 10, 10, 10, 1.7520967460004613, 0.09554554999340326, 239500, 4320, 10, 10
100, 10, 10, 10, 1.6487411499983864, 0.09171116400102619, 239300, 4256, 10, 10
100, 10, 70, 49, 60.2636065090046, 0.2658075950021157, 158109, 23888, 3122, 2851
100, 10, 10, 10, 1.644166739002685, 0.08903522299078759, 239476, 4320, 10, 10
100, 10, 70, 46, 2.891703935994883, 0.2540316740050912, 149176, 22120, 2850, 2654
100, 10, 10, 10, 1.7126179769984446, 0.08221954699547496, 239452, 4320, 10, 10
100, 10, 65, 54, 13.657697391987313, 0.24500090499350335, 156458, 19952, 2765, 2516
100, 10, 10, 10, 1.6584718719968805, 0.09180972698959522, 239244, 4256, 10, 10
100, 10, 75, 61, 45.745048380995286, 0.2528938229952473, 164046, 22872, 3230, 3107
100, 10, 10, 10, 1.679166289002751, 0.08851626099203713, 239404, 4320, 10, 10
100, 10, 56, 48, 13.985432797009707, 0.2822828619973734, 174542, 22408, 2287, 2154
100, 10, 56, 48, 27.950298602008843, 0.2990793029894121, 173263, 22344, 2288, 2158
100, 10, 55, 47, 14.851683720000437, 0.3054916900000535, 173962, 22352, 2281, 2152
100, 10, 56, 48, 19.988630396997905, 0.2723867210006574, 176836, 22456, 2081, 1952
100, 10, 56, 48, 15.239343642999302, 0.3066597490105778, 176378, 22456, 2081, 1952
100, 10, 56, 48, 16.037711384997237, 0.2845642160100397, 176092, 22456, 2081, 1952
100, 10, 55, 47, 14.557442807010375, 0.2840267959982157, 175556, 22800, 2035, 1906
100, 10, 64, 40, 25.16806561399426, 0.2888919589895522, 152268, 20768, 2745, 2540
100, 10, 68, 40, 31.745054708007956, 0.28734247699321713, 155574, 20832, 3115, 2540
100, 10, 68, 40, 29.43559603500762, 0.301090788008878, 156224, 20832, 3115, 2540
100, 10, 66, 40, 22.215683020986035, 0.28925880799943116, 155355, 20832, 2932, 2540
100, 10, 66, 40, 22.392223653994733, 0.2812704380048672, 154630, 20768, 2932, 2540
100, 10, 67, 40, 31.051800020999508, 0.30045634899579454, 156796, 20832, 2990, 2540
100, 10, 67, 40, 16.206697977992008, 0.2982166360015981, 154818, 20832, 2990, 2540
100, 10, 66, 44, 7.394347806999576, 0.5277646939939586, 173262, 22128, 2858, 2518
100, 10, 64, 42, 3.5398073570104316, 0.391428309987532, 161652, 21992, 2715, 2413
100, 10, 65, 43, 3.0860281290079, 0.36514960799831897, 164570, 24624, 2776, 2474
100, 10, 65, 42, 3.2191618969955016, 0.3775970459973905, 163250, 21992, 2776, 2470
100, 10, 59, 34, 2.984510627997224, 0.3749103570007719, 164434, 21928, 2369, 2018
100, 10, 59, 34, 2.5768929199984996, 0.3925258269882761, 162746, 21992, 2369, 2018
100, 10, 61, 36, 3.7817478479992133, 0.3657706869998947, 163870, 22120, 2423, 2022
100, 10, 81, 60, 60.247555775000365, 0.39527230900421273, 183298, 20944, 3477, 2864
100, 10, 81, 60, 60.240097110014176, 0.3962790460063843, 181843, 21064, 3477, 2864
100, 10, 81, 60, 60.30503853999835, 0.5481962310004747, 181606, 21064, 3458, 2864
100, 10, 80, 60, 60.23895379899477, 0.37455643599969335, 181696, 21000, 3439, 2864
100, 10, 84, 60, 60.261252131997026, 0.38890048999746796, 194602, 21064, 3739, 2864
100, 10, 84, 61, 60.263314930998604, 0.3870308850018773, 196126, 21064, 3754, 2924
100, 10, 83, 60, 60.259657478003646, 0.41259851900395006, 194242, 21000, 3683, 2895
100, 10, 65, 45, 12.33732116498868, 0.2230514620023314, 153889, 21632, 2585, 2521
100, 10, 48, 35, 2.8147358819987858, 0.1273315639991779, 142030, 22736, 1673, 1691
100, 10, 48, 35, 2.891743537009461, 0.12359274800110143, 140992, 22672, 1673, 1691
100, 10, 48, 35, 3.0999930820107693, 0.12712601300154347, 142308, 22672, 1673, 1691
100, 10, 46, 33, 2.558797384990612, 0.13265534699894488, 142708, 22544, 1568, 1580
100, 10, 46, 33, 2.656055640996783, 0.12972292500489857, 142332, 22480, 1568, 1580
100, 10, 46, 33, 2.537048206999316, 0.14584128600836266, 142900, 22544, 1568, 1580
100, 10, 81, 62, 20.31724102300359, 0.2208622159960214, 168574, 22736, 3328, 3208
100, 10, 81, 62, 35.537684504990466, 0.26826500600145664, 166998, 22800, 3328, 3208
100, 10, 81, 62, 49.87340777499776, 0.29395963200659025, 167468, 22800, 3328, 3208
100, 10, 81, 62, 60.22391864900419, 0.2868921990011586, 167306, 22736, 3328, 3208
100, 10, 81, 62, 23.650274872998125, 0.2298014910047641, 166618, 22736, 3328, 3208
100, 10, 81, 62, 29.912495982993278, 0.23156487400410697, 167280, 22800, 3328, 3208
100, 10, 82, 63, 39.690677243997925, 0.24164352599473204, 167292, 22736, 3331, 3211
100, 10, 49, 34, 4.214519001994631, 0.13654234900604934, 150532, 22080, 1662, 1682
100, 10, 49, 34, 3.1435351749969414, 0.14297135300876107, 149404, 22144, 1662, 1682
100, 10, 45, 31, 3.653416698012734, 0.15922159599722363, 149870, 21880, 1482, 1520
100, 10, 45, 31, 3.252726556005655, 0.15668554200965445, 149453, 21944, 1482, 1520
100, 10, 47, 33, 3.1357382769929245, 0.15846455600694753, 152406, 22016, 1487, 1525
100, 10, 47, 34, 3.8161313710006652, 0.1728733519994421, 152372, 22072, 1478, 1529
100, 10, 47, 34, 3.454655235997052, 0.16357461699226405, 151880, 22008, 1478, 1529
100, 10, 81, 62, 9.978537880000658, 0.24636154400650412, 163694, 23184, 3700, 3141
100, 10, 81, 62, 17.56821124300768, 0.2560176940023666, 165922, 23240, 3700, 3141
100, 10, 81, 61, 24.850290620001033, 0.3649250219896203, 165198, 21440, 3760, 3127
100, 10, 76, 53, 6.86357841300196, 0.21157915799994953, 153622, 20272, 3365, 2712
100, 10, 78, 53, 14.819272353997803, 0.2012156070122728, 159627, 20208, 3505, 2712
100, 10, 78, 53, 21.478060269000707, 0.20849359199928585, 158673, 20272, 3505, 2709
100, 10, 77, 55, 52.484015081994585, 0.19253437301085796, 162186, 20272, 3187, 2451
100, 10, 84, 68, 60.217675904001226, 0.36326141499739606, 170228, 22880, 3936, 3688
100, 10, 84, 68, 60.22084133999306, 0.3555330689996481, 170228, 22944, 3936, 3688
100, 10, 84, 68, 60.21022330499545, 0.36016099400876556, 170868, 22944, 3942, 3688
100, 10, 85, 68, 60.22212629999558, 0.36453308700583875, 171092, 21616, 4018, 3707
100, 10, 84, 68, 60.25956289700116, 0.42035313199448865, 174732, 22896, 3932, 3707
100, 10, 85, 68, 60.23932255600812, 0.35076188600214664, 174168, 22896, 4017, 3707
100, 10, 84, 67, 60.23446089999925, 0.39288117000251077, 170098, 22840, 3921, 3636
100, 10, 47, 31, 2.1684614819969283, 0.2095742160017835, 155358, 22448, 1604, 1556
100, 10, 46, 30, 2.180394847993739, 0.2186183589947177, 158503, 22376, 1537, 1489
100, 10, 46, 30, 2.30515366900363, 0.25780324000515975, 157379, 22440, 1537, 1489
100, 10, 47, 30, 2.2867736960033653, 0.2303737030015327, 166374, 22376, 1616, 1489
100, 10, 47, 30, 2.552349827004946, 0.22541076500783674, 165904, 22440, 1616, 1489
100, 10, 45, 29, 2.420014525996521, 0.25241088500479236, 166642, 22384, 1545, 1448
100, 10, 45, 29, 2.4785250530112535, 0.2346098759880988, 167022, 22384, 1545, 1448
100, 10, 76, 65, 60.21671283499745, 0.2309537819965044, 173832, 22760, 3185, 3106
100, 10, 76, 65, 60.22856891500123, 0.24663499600137584, 172798, 20808, 3186, 3107
100, 10, 76, 65, 60.24189386899525, 0.24501115799648687, 177750, 22824, 3186, 3107
100, 10, 78, 70, 47.05058542700135, 0.18174772799829952, 181060, 23080, 3021, 3016
100, 10, 81, 75, 25.516345725991414, 0.1714250649965834, 184570, 23144, 3023, 2961
100, 10, 81, 75, 49.571574394998606, 0.266553136985749, 180439, 23144, 3023, 2961
100, 10, 81, 75, 29.485606747010024, 0.1834462650003843, 183842, 23144, 3097, 3035
100, 10, 83, 78, 28.35163136299525, 0.3135575100022834, 177384, 23616, 3793, 3690
100, 10, 83, 82, 22.972964275002596, 0.37327976399683394, 188096, 21896, 3793, 3772
100, 10, 83, 82, 20.799241032000282, 0.36212034001073334, 188420, 21896, 3793, 3772
100, 10, 83, 81, 54.51030600098602, 0.27810544399835635, 185045, 22088, 3793, 3746
100, 10, 83, 81, 30.540666223998414, 0.2403093879984226, 184101, 22088, 3793, 3746
100, 10, 83, 81, 60.27155141098774, 0.4479620740021346, 187796, 23512, 3793, 3746
100, 10, 83, 81, 60.30029827100225, 0.2391648799966788, 202584, 22088, 3793, 3746
100, 10, 91, 84, 60.29488608700922, 0.5339065089938231, 209896, 21800, 4319, 4073
100, 10, 90, 84, 60.32456428100704, 0.45656658499501646, 203486, 22104, 4272, 4073
100, 10, 91, 84, 60.27219588699518, 0.4350831600022502, 204569, 22168, 4251, 4073
100, 10, 92, 87, 42.896312167998985, 0.5024380719987676, 200004, 22168, 4330, 4171
100, 10, 93, 87, 60.28709158000129, 0.4456263900065096, 203324, 22168, 4382, 4171
